section,code,name,image
Bestsellers (Çok Satanlar),C701-118,Karlar İçinde Melek Kanvas Tablo,https://www.canvas701.com/upload/2018/10/angel12.jpg
Bestsellers (Çok Satanlar),C701-564,Tünel Kanvas Tablo,https://www.canvas701.com/upload/2019/08/torii-mockup-instagram-logolu.jpg
Bestsellers (Çok Satanlar),C701-943,"Venüs’ün Doğuşu, Sandro Botticelli Kanvas Tablo",https://www.canvas701.com/upload/2020/04/venus-un-dogusu-sandro-botticelli-1485.jpg
Bestsellers (Çok Satanlar),C701-1221,Asker Atatürk Kanvas Tablo,https://www.canvas701.com/upload/2021/09/asker-ataturk-2-logolu.jpg
Bestsellers (Çok Satanlar),C701-1423,Kıvrımlı Nehir Kanvas Tablo,https://www.canvas701.com/upload/2022/09/kivrimli-nehir-3.jpg
Bestsellers (Çok Satanlar),C701-1433,Santorini ve Begonvil Kanvas Tablo,https://www.canvas701.com/upload/2022/09/santorini-ve-begonvil-3.jpg
Bestsellers (Çok Satanlar),C701-1469,Ebruli Sanatı Renkleri Kanvas Tablo,https://www.canvas701.com/upload/2022/10/ebruli-sanati-3.jpg
Bestsellers (Çok Satanlar),C701-1490,Kalifornia Kanvas Tablo,https://www.canvas701.com/upload/2022/11/kalifornia-3.jpg
New Arrivals (Son Eklenenler),C701-1626,Kadın Marka Yüzü Kanvas Tablo,https://www.canvas701.com/upload/2023/06/kadin-bir-marka-yuzu-3.jpg
New Arrivals (Son Eklenenler),C701-1627,Kaykay ve Adidas Kanvas Tablo,https://www.canvas701.com/upload/2023/06/kaykay-ve-adidas-3.jpg
New Arrivals (Son Eklenenler),C701-1628,Kaykayla Dans Kanvas Tablo,https://www.canvas701.com/upload/2023/06/kaykayla-dans-3-min.jpg
New Arrivals (Son Eklenenler),C701-1629,Nike Mağazası Kanvas Tablo,https://www.canvas701.com/upload/2023/06/nike-magazasi-3-min.jpg
New Arrivals (Son Eklenenler),C701-1630,Nike Modeli Kanvas Tablo,https://www.canvas701.com/upload/2023/06/nike-modeli-3-min.jpg
New Arrivals (Son Eklenenler),C701-1631,Ruj Süren Kadın Kanvas Tablo,https://www.canvas701.com/upload/2023/06/ruj-suren-kadin-3.jpg
New Arrivals (Son Eklenenler),C701-1633,Nike Uçan Ayakkabılar Kanvas Tablo,https://www.canvas701.com/upload/2023/06/ucan-ayakkanilar-nike-3-min_1.jpg
New Arrivals (Son Eklenenler),C701-1634,Chanel Parfüm  Siyah Beyaz Kanvas Tablo,https://www.canvas701.com/upload/2023/06/chanel-parfum-siyah-beyaz-3-min.jpg
New Arrivals (Son Eklenenler),C701-1635,Gucci Ayakkabı Kanvas Tablo,https://www.canvas701.com/upload/2023/06/gucci-ayakkabi-3-min.jpg
New Arrivals (Son Eklenenler),C701-1636,Gucci Mağaza Önü Kanvas Tablo,https://www.canvas701.com/upload/2023/06/gucci-magaza-onu-3-min.jpg
